environment,corpus,n_seeds,coverage_mean,coverage_halfrange,loglik_per_step_backoff_mean,loglik_per_step_backoff_halfrange,true_loglik_mean,log10_bayes_factor_mean,log10_bayes_factor_halfrange
T-maze,under pi,10,0.1622,0.0319,-0.6932,0.0014,-0.4024,0.0,0.0
T-maze,random,10,0.9994,0.0028,-0.4303,0.0449,-0.4024,300.91,9.03
T-maze,designed,10,0.9994,0.0028,-0.4303,0.0449,-0.4024,300.91,9.03
Rotating MAB,under pi,10,0.0843,0.0174,-0.6932,0.0008,-0.606,0.0,0.0
Rotating MAB,random,10,1.0,0.0,-0.6798,0.0082,-0.606,161.93,20.04
Rotating MAB,designed,10,0.295,0.0333,-0.6851,0.007,-0.606,148.86,17.89
Cheat MAB,under pi,10,0.295,0.0333,-0.6553,0.0173,-0.5674,0.0,0.0
Cheat MAB,random,10,1.0,0.0,-0.6378,0.0222,-0.5674,99.48,16.46
Cheat MAB,designed,10,1.0,0.0,-0.6378,0.0222,-0.5674,99.48,16.46
Rotating Maze,under pi,10,0.1622,0.0319,-0.6741,0.0104,-0.56,0.0,0.0
Rotating Maze,random,10,1.0,0.0,-0.6301,0.0285,-0.56,87.41,13.12
Rotating Maze,designed,10,1.0,0.0,-0.6301,0.0285,-0.56,87.41,13.12
