sentence,trajectories,epsilon,epsilon_float,mass_on_truth
right,2,0,0.0,0.04992941526116353
right,2,1/100,0.01,0.049370756374954625
right,2,1/20,0.05,0.04715870049953561
right,2,1/10,0.1,0.044443418487935545
right,2,1/4,0.25,0.036614018271817594
right,2,1/2,0.5,0.024531908585903043
right,2,1,1.0,0.003440278908325782
right,5,0,0.0,0.2849513901916894
right,5,1/100,0.01,0.28446690405470004
right,5,1/20,0.05,0.2824536351979237
right,5,1/10,0.1,0.2797538619241558
right,5,1/4,0.25,0.2701635045098064
right,5,1/2,0.5,0.24653542447915108
right,5,1,1.0,0.09392234127195022
right,20,0,0.0,0.6572620531055027
right,20,1/100,0.01,0.6572463899409012
right,20,1/20,0.05,0.6571807346380937
right,20,1/10,0.1,0.6570912294017448
right,20,1/4,0.25,0.6567590309073177
right,20,1/2,0.5,0.6558320835992713
right,20,1,1.0,0.6390741167450359
WRONG,2,0,0.0,0.0
WRONG,2,1/100,0.01,4.313633691056684e-05
WRONG,2,1/20,0.05,0.00021349189071068
WRONG,2,1/10,0.1,0.0004216327887858026
WRONG,2,1/4,0.25,0.0010158884039331933
WRONG,2,1/2,0.5,0.0019160657148952383
WRONG,2,1,1.0,0.003440278908325782
WRONG,5,0,0.0,0.0
WRONG,5,1/100,0.01,0.00361521513894002
WRONG,5,1/20,0.05,0.01621002153331258
WRONG,5,1/10,0.1,0.028714654919206228
WRONG,5,1/4,0.25,0.05345724871269643
WRONG,5,1/2,0.5,0.07499864053257203
WRONG,5,1,1.0,0.09392234127195022
WRONG,20,0,0.0,0.0
WRONG,20,1/100,0.01,0.6390624310075377
WRONG,20,1/20,0.05,0.6390718739945991
WRONG,20,1/10,0.1,0.6390730543876036
WRONG,20,1/4,0.25,0.6390737626254993
WRONG,20,1/2,0.5,0.6390739987051467
WRONG,20,1,1.0,0.6390741167450359
