environment,deviation_prob,deviation_prob_float,separating_mass,separating_mass_float,eig
T-maze,0,0.0,0,0.0,0.0
T-maze,1/8,0.125,1/8,0.125,0.02697
T-maze,1/4,0.25,1/4,0.25,0.05394
T-maze,3/8,0.375,3/8,0.375,0.080911
T-maze,1/2,0.5,1/2,0.5,0.107881
T-maze,5/8,0.625,5/8,0.625,0.134851
T-maze,3/4,0.75,3/4,0.75,0.161821
T-maze,7/8,0.875,7/8,0.875,0.188791
T-maze,1,1.0,1,1.0,0.215762
Rotating MAB,0,0.0,0,0.0,0.0
Rotating MAB,1/8,0.125,4097/32768,0.125030517578125,0.016971
Rotating MAB,1/4,0.25,1017/4096,0.248291015625,0.035086
Rotating MAB,3/8,0.375,12027/32768,0.367034912109375,0.054203
Rotating MAB,1/2,0.5,245/512,0.478515625,0.07418
Rotating MAB,5/8,0.625,19005/32768,0.579986572265625,0.094875
Rotating MAB,3/4,0.75,2739/4096,0.668701171875,0.116146
Rotating MAB,7/8,0.875,24311/32768,0.741912841796875,0.137851
Rotating MAB,1,1.0,51/64,0.796875,0.159847
Cheat MAB,0,0.0,0,0.0,-0.0
Cheat MAB,1/8,0.125,7/128,0.0546875,0.007154
Cheat MAB,1/4,0.25,3/32,0.09375,0.012264
Cheat MAB,3/8,0.375,15/128,0.1171875,0.01533
Cheat MAB,1/2,0.5,1/8,0.125,0.016352
Cheat MAB,5/8,0.625,15/128,0.1171875,0.01533
Cheat MAB,3/4,0.75,3/32,0.09375,0.012264
Cheat MAB,7/8,0.875,7/128,0.0546875,0.007154
Cheat MAB,1,1.0,0,0.0,0.0
Rotating Maze,0,0.0,0,0.0,0.0
Rotating Maze,1/8,0.125,1/512,0.001953125,0.000255
Rotating Maze,1/4,0.25,1/64,0.015625,0.002044
Rotating Maze,3/8,0.375,27/512,0.052734375,0.006898
Rotating Maze,1/2,0.5,1/8,0.125,0.016352
Rotating Maze,5/8,0.625,125/512,0.244140625,0.031937
Rotating Maze,3/4,0.75,27/64,0.421875,0.055186
Rotating Maze,7/8,0.875,343/512,0.669921875,0.087634
Rotating Maze,1,1.0,1,1.0,0.130812
