environment,trajectories,log10_bf_mean5,emission_mae_mean5
T-maze,5,2.6981,0.12916
T-maze,10,8.1527,0.112993
T-maze,20,18.4397,0.076985
T-maze,40,37.6201,0.044164
T-maze,80,80.3917,0.031186
T-maze,160,163.4674,0.023353
Rotating MAB,5,1.2097,0.131952
Rotating MAB,10,2.7281,0.092028
Rotating MAB,20,4.9392,0.064107
Rotating MAB,40,10.4763,0.039929
Rotating MAB,80,20.177,0.03895
Rotating MAB,160,42.8884,0.021104
Cheat MAB,5,1.0145,0.103535
Cheat MAB,10,2.92,0.096958
Cheat MAB,20,7.0691,0.073358
Cheat MAB,40,10.7685,0.046091
Cheat MAB,80,22.5195,0.038813
Cheat MAB,160,51.7113,0.024027
Rotating Maze,5,0.6338,0.128346
Rotating Maze,10,1.5476,0.108962
Rotating Maze,20,5.2258,0.07978
Rotating Maze,40,11.2096,0.060514
Rotating Maze,80,27.8082,0.042312
Rotating Maze,160,60.8697,0.028824
